ticket_id,created_at,subject,description,product_area,customer_tier,priority,status,channel,tags
TCK-1172,2026-06-01,API rate limit headers are unclear,Integration retries fail because rate limit reset guidance is hard to interpret Synthetic scenario variant 0.,api,pro,high,solved,api,api|rate-limit|developer-experience
TCK-1208,2026-06-01,Invoice download or billing detail request,Customer needs clearer invoice exports and billing history for finance review Synthetic scenario variant 1.,billing,pro,medium,pending,web,billing|invoice|finance
TCK-1410,2026-06-01,Profile language setting question,User asks where to change language preference in profile settings Synthetic scenario variant 0.,profile,pro,low,open,api,profile|settings
TCK-1358,2026-06-02,Request for bulk actions across tickets,Support admins want bulk updates for repetitive ticket management tasks Synthetic scenario variant 5.,workflow,free,medium,solved,chat,bulk-actions|feature-request|workflow
TCK-1077,2026-06-03,CSV export fails for large report,Export job times out when downloading large CSV reports for scheduled analysis Synthetic scenario variant 0.,reporting,enterprise,urgent,pending,web,csv|export|timeout|reporting
TCK-1256,2026-06-03,Search results load slowly for large workspaces,Search takes longer than expected when filtering a large support workspace Synthetic scenario variant 0.,search,free,high,open,chat,search|performance|latency
TCK-1374,2026-06-03,Profile language setting question,User asks where to change language preference in profile settings Synthetic scenario variant 0.,profile,free,medium,pending,api,profile|settings
TCK-1418,2026-06-03,Mobile notification preference question,Customer asks how to adjust mobile notification settings Synthetic scenario variant 0.,mobile,pro,low,open,email,mobile|settings
TCK-1171,2026-06-05,API rate limit headers are unclear,Integration retries fail because rate limit reset guidance is hard to interpret Synthetic scenario variant 6.,api,pro,high,pending,web,api|rate-limit|developer-experience
TCK-1211,2026-06-05,Invoice download or billing detail request,Customer needs clearer invoice exports and billing history for finance review Synthetic scenario variant 4.,billing,pro,high,solved,web,billing|invoice|finance
TCK-1249,2026-06-05,Search results load slowly for large workspaces,Search takes longer than expected when filtering a large support workspace Synthetic scenario variant 0.,search,free,high,open,chat,search|performance|latency
TCK-1361,2026-06-05,Request for bulk actions across tickets,Support admins want bulk updates for repetitive ticket management tasks Synthetic scenario variant 1.,workflow,pro,low,pending,api,bulk-actions|feature-request|workflow
TCK-1355,2026-06-06,Request for bulk actions across tickets,Support admins want bulk updates for repetitive ticket management tasks Synthetic scenario variant 2.,workflow,pro,medium,open,web,bulk-actions|feature-request|workflow
TCK-1393,2026-06-06,One-off PDF formatting question,PDF export has a minor formatting question for a small report Synthetic scenario variant 0.,exports,pro,low,solved,email,pdf|formatting
TCK-1399,2026-06-06,Profile language setting question,User asks where to change language preference in profile settings Synthetic scenario variant 0.,profile,pro,low,open,chat,profile|settings
TCK-1364,2026-06-07,One-off PDF formatting question,PDF export has a minor formatting question for a small report Synthetic scenario variant 0.,exports,pro,medium,open,web,pdf|formatting
TCK-1365,2026-06-07,Profile language setting question,User asks where to change language preference in profile settings Synthetic scenario variant 0.,profile,free,medium,solved,api,profile|settings
TCK-1165,2026-06-08,API rate limit headers are unclear,Integration retries fail because rate limit reset guidance is hard to interpret Synthetic scenario variant 0.,api,free,medium,solved,chat,api|rate-limit|developer-experience
TCK-1167,2026-06-08,API rate limit headers are unclear,Integration retries fail because rate limit reset guidance is hard to interpret Synthetic scenario variant 2.,api,pro,medium,solved,chat,api|rate-limit|developer-experience
TCK-1255,2026-06-08,Search results load slowly for large workspaces,Search takes longer than expected when filtering a large support workspace Synthetic scenario variant 6.,search,pro,urgent,solved,web,search|performance|latency
TCK-1353,2026-06-08,Request for bulk actions across tickets,Support admins want bulk updates for repetitive ticket management tasks Synthetic scenario variant 0.,workflow,pro,medium,open,chat,bulk-actions|feature-request|workflow
TCK-1380,2026-06-08,Mobile notification preference question,Customer asks how to adjust mobile notification settings Synthetic scenario variant 0.,mobile,free,medium,pending,api,mobile|settings
TCK-1397,2026-06-08,One-off PDF formatting question,PDF export has a minor formatting question for a small report Synthetic scenario variant 0.,exports,pro,medium,solved,web,pdf|formatting
TCK-1402,2026-06-08,Question about onboarding checklist,New workspace owner asks about recommended onboarding steps Synthetic scenario variant 0.,onboarding,pro,low,pending,web,onboarding|how-to
TCK-1134,2026-06-09,SSO login loop after identity provider redirect,Users are redirected back to sign in and cannot complete SSO login Synthetic scenario variant 2.,authentication,enterprise,urgent,open,web,sso|login|authentication|redirect
TCK-1286,2026-06-09,Admin permissions are confusing for team roles,Workspace admins cannot tell which role grants access to requested actions Synthetic scenario variant 3.,admin,pro,medium,pending,api,permissions|roles|admin
TCK-1290,2026-06-09,Admin permissions are confusing for team roles,Workspace admins cannot tell which role grants access to requested actions Synthetic scenario variant 0.,admin,free,high,open,email,permissions|roles|admin
TCK-1318,2026-06-09,Slack integration disconnects unexpectedly,Slack alerts stop posting until the integration is reconnected manually Synthetic scenario variant 2.,integrations,free,high,solved,chat,slack|integration|disconnect
TCK-1320,2026-06-09,Slack integration disconnects unexpectedly,Slack alerts stop posting until the integration is reconnected manually Synthetic scenario variant 4.,integrations,free,high,open,web,slack|integration|disconnect
TCK-1412,2026-06-09,One-off PDF formatting question,PDF export has a minor formatting question for a small report Synthetic scenario variant 0.,exports,enterprise,medium,pending,api,pdf|formatting
TCK-1173,2026-06-10,API rate limit headers are unclear,Integration retries fail because rate limit reset guidance is hard to interpret Synthetic scenario variant 1.,api,pro,high,pending,web,api|rate-limit|developer-experience
TCK-1292,2026-06-10,Admin permissions are confusing for team roles,Workspace admins cannot tell which role grants access to requested actions Synthetic scenario variant 2.,admin,free,medium,solved,api,permissions|roles|admin
TCK-1252,2026-06-11,Search results load slowly for large workspaces,Search takes longer than expected when filtering a large support workspace Synthetic scenario variant 3.,search,enterprise,high,solved,email,search|performance|latency
TCK-1357,2026-06-11,Request for bulk actions across tickets,Support admins want bulk updates for repetitive ticket management tasks Synthetic scenario variant 4.,workflow,pro,medium,solved,email,bulk-actions|feature-request|workflow
TCK-1071,2026-06-12,CSV export fails for large report,Export job times out when downloading large CSV reports for scheduled analysis Synthetic scenario variant 1.,reporting,pro,urgent,solved,chat,csv|export|timeout|reporting
TCK-1394,2026-06-12,Question about onboarding checklist,New workspace owner asks about recommended onboarding steps Synthetic scenario variant 0.,onboarding,enterprise,low,pending,api,onboarding|how-to
TCK-1015,2026-06-13,CSV export fails for large report,Export job times out when downloading large CSV reports for scheduled analysis Synthetic scenario variant 1.,reporting,free,high,pending,api,csv|export|timeout|reporting
TCK-1130,2026-06-13,SSO login loop after identity provider redirect,Users are redirected back to sign in and cannot complete SSO login Synthetic scenario variant 5.,authentication,enterprise,urgent,open,chat,sso|login|authentication|redirect
TCK-1141,2026-06-13,API rate limit headers are unclear,Integration retries fail because rate limit reset guidance is hard to interpret Synthetic scenario variant 6.,api,pro,high,pending,email,api|rate-limit|developer-experience
TCK-1175,2026-06-13,Invoice download or billing detail request,Customer needs clearer invoice exports and billing history for finance review Synthetic scenario variant 0.,billing,free,medium,solved,api,billing|invoice|finance
TCK-1179,2026-06-13,Invoice download or billing detail request,Customer needs clearer invoice exports and billing history for finance review Synthetic scenario variant 4.,billing,free,high,open,api,billing|invoice|finance
TCK-1264,2026-06-13,Admin permissions are confusing for team roles,Workspace admins cannot tell which role grants access to requested actions Synthetic scenario variant 5.,admin,pro,high,open,api,permissions|roles|admin
TCK-1265,2026-06-13,Admin permissions are confusing for team roles,Workspace admins cannot tell which role grants access to requested actions Synthetic scenario variant 6.,admin,free,high,solved,api,permissions|roles|admin
TCK-1299,2026-06-13,Slack integration disconnects unexpectedly,Slack alerts stop posting until the integration is reconnected manually Synthetic scenario variant 6.,integrations,pro,medium,solved,email,slack|integration|disconnect
TCK-1321,2026-06-13,Slack integration disconnects unexpectedly,Slack alerts stop posting until the integration is reconnected manually Synthetic scenario variant 5.,integrations,free,medium,open,web,slack|integration|disconnect
TCK-1323,2026-06-13,Slack integration disconnects unexpectedly,Slack alerts stop posting until the integration is reconnected manually Synthetic scenario variant 0.,integrations,pro,medium,solved,web,slack|integration|disconnect
TCK-1334,2026-06-13,Request for bulk actions across tickets,Support admins want bulk updates for repetitive ticket management tasks Synthetic scenario variant 1.,workflow,pro,medium,open,chat,bulk-actions|feature-request|workflow
TCK-1384,2026-06-13,One-off PDF formatting question,PDF export has a minor formatting question for a small report Synthetic scenario variant 0.,exports,enterprise,medium,solved,web,pdf|formatting
TCK-1007,2026-06-14,CSV export fails for large report,Export job times out when downloading large CSV reports for scheduled analysis Synthetic scenario variant 0.,reporting,enterprise,urgent,solved,email,csv|export|timeout|reporting
TCK-1010,2026-06-14,CSV export fails for large report,Export job times out when downloading large CSV reports for scheduled analysis Synthetic scenario variant 3.,reporting,enterprise,high,open,email,csv|export|timeout|reporting
TCK-1085,2026-06-14,SSO login loop after identity provider redirect,Users are redirected back to sign in and cannot complete SSO login Synthetic scenario variant 5.,authentication,pro,high,pending,api,sso|login|authentication|redirect
TCK-1138,2026-06-14,API rate limit headers are unclear,Integration retries fail because rate limit reset guidance is hard to interpret Synthetic scenario variant 3.,api,pro,high,open,chat,api|rate-limit|developer-experience
TCK-1140,2026-06-14,API rate limit headers are unclear,Integration retries fail because rate limit reset guidance is hard to interpret Synthetic scenario variant 5.,api,pro,high,pending,web,api|rate-limit|developer-experience
TCK-1187,2026-06-14,Invoice download or billing detail request,Customer needs clearer invoice exports and billing history for finance review Synthetic scenario variant 5.,billing,free,high,pending,api,billing|invoice|finance
TCK-1223,2026-06-14,Search results load slowly for large workspaces,Search takes longer than expected when filtering a large support workspace Synthetic scenario variant 6.,search,enterprise,high,pending,chat,search|performance|latency
TCK-1289,2026-06-14,Admin permissions are confusing for team roles,Workspace admins cannot tell which role grants access to requested actions Synthetic scenario variant 6.,admin,pro,high,open,chat,permissions|roles|admin
TCK-1294,2026-06-14,Slack integration disconnects unexpectedly,Slack alerts stop posting until the integration is reconnected manually Synthetic scenario variant 1.,integrations,pro,high,open,chat,slack|integration|disconnect
TCK-1297,2026-06-14,Slack integration disconnects unexpectedly,Slack alerts stop posting until the integration is reconnected manually Synthetic scenario variant 4.,integrations,pro,high,open,chat,slack|integration|disconnect
TCK-1298,2026-06-14,Slack integration disconnects unexpectedly,Slack alerts stop posting until the integration is reconnected manually Synthetic scenario variant 5.,integrations,pro,high,open,api,slack|integration|disconnect
TCK-1327,2026-06-14,Request for bulk actions across tickets,Support admins want bulk updates for repetitive ticket management tasks Synthetic scenario variant 1.,workflow,free,medium,open,api,bulk-actions|feature-request|workflow
TCK-1381,2026-06-14,Question about onboarding checklist,New workspace owner asks about recommended onboarding steps Synthetic scenario variant 0.,onboarding,pro,medium,solved,email,onboarding|how-to
TCK-1074,2026-06-15,CSV export fails for large report,Export job times out when downloading large CSV reports for scheduled analysis Synthetic scenario variant 4.,reporting,enterprise,high,pending,web,csv|export|timeout|reporting
TCK-1145,2026-06-15,API rate limit headers are unclear,Integration retries fail because rate limit reset guidance is hard to interpret Synthetic scenario variant 3.,api,pro,high,open,chat,api|rate-limit|developer-experience
TCK-1177,2026-06-15,Invoice download or billing detail request,Customer needs clearer invoice exports and billing history for finance review Synthetic scenario variant 2.,billing,pro,high,pending,chat,billing|invoice|finance
TCK-1186,2026-06-15,Invoice download or billing detail request,Customer needs clearer invoice exports and billing history for finance review Synthetic scenario variant 4.,billing,pro,medium,open,web,billing|invoice|finance
TCK-1000,2026-06-16,CSV export fails for large report,Export job times out when downloading large CSV reports for scheduled analysis Synthetic scenario variant 0.,reporting,enterprise,urgent,open,chat,csv|export|timeout|reporting
TCK-1070,2026-06-16,CSV export fails for large report,Export job times out when downloading large CSV reports for scheduled analysis Synthetic scenario variant 0.,reporting,enterprise,high,pending,email,csv|export|timeout|reporting
TCK-1081,2026-06-16,SSO login loop after identity provider redirect,Users are redirected back to sign in and cannot complete SSO login Synthetic scenario variant 1.,authentication,pro,high,solved,web,sso|login|authentication|redirect
TCK-1082,2026-06-16,SSO login loop after identity provider redirect,Users are redirected back to sign in and cannot complete SSO login Synthetic scenario variant 2.,authentication,pro,high,solved,chat,sso|login|authentication|redirect
TCK-1086,2026-06-16,SSO login loop after identity provider redirect,Users are redirected back to sign in and cannot complete SSO login Synthetic scenario variant 6.,authentication,enterprise,high,solved,chat,sso|login|authentication|redirect
TCK-1087,2026-06-16,SSO login loop after identity provider redirect,Users are redirected back to sign in and cannot complete SSO login Synthetic scenario variant 0.,authentication,enterprise,high,open,chat,sso|login|authentication|redirect
TCK-1088,2026-06-16,SSO login loop after identity provider redirect,Users are redirected back to sign in and cannot complete SSO login Synthetic scenario variant 1.,authentication,enterprise,urgent,open,email,sso|login|authentication|redirect
TCK-1182,2026-06-16,Invoice download or billing detail request,Customer needs clearer invoice exports and billing history for finance review Synthetic scenario variant 0.,billing,free,high,solved,api,billing|invoice|finance
TCK-1220,2026-06-16,Search results load slowly for large workspaces,Search takes longer than expected when filtering a large support workspace Synthetic scenario variant 3.,search,free,high,open,web,search|performance|latency
TCK-1296,2026-06-16,Slack integration disconnects unexpectedly,Slack alerts stop posting until the integration is reconnected manually Synthetic scenario variant 3.,integrations,enterprise,high,pending,web,slack|integration|disconnect
TCK-1400,2026-06-16,Profile language setting question,User asks where to change language preference in profile settings Synthetic scenario variant 0.,profile,free,medium,open,api,profile|settings
TCK-1004,2026-06-17,CSV export fails for large report,Export job times out when downloading large CSV reports for scheduled analysis Synthetic scenario variant 4.,reporting,enterprise,high,open,api,csv|export|timeout|reporting
TCK-1009,2026-06-17,CSV export fails for large report,Export job times out when downloading large CSV reports for scheduled analysis Synthetic scenario variant 2.,reporting,enterprise,high,open,chat,csv|export|timeout|reporting
TCK-1013,2026-06-17,CSV export fails for large report,Export job times out when downloading large CSV reports for scheduled analysis Synthetic scenario variant 6.,reporting,pro,high,open,api,csv|export|timeout|reporting
TCK-1079,2026-06-17,CSV export fails for large report,Export job times out when downloading large CSV reports for scheduled analysis Synthetic scenario variant 2.,reporting,enterprise,urgent,open,chat,csv|export|timeout|reporting
TCK-1142,2026-06-17,API rate limit headers are unclear,Integration retries fail because rate limit reset guidance is hard to interpret Synthetic scenario variant 0.,api,enterprise,medium,open,chat,api|rate-limit|developer-experience
TCK-1184,2026-06-17,Invoice download or billing detail request,Customer needs clearer invoice exports and billing history for finance review Synthetic scenario variant 2.,billing,free,high,open,email,billing|invoice|finance
TCK-1209,2026-06-17,Invoice download or billing detail request,Customer needs clearer invoice exports and billing history for finance review Synthetic scenario variant 2.,billing,pro,high,open,chat,billing|invoice|finance
TCK-1222,2026-06-17,Search results load slowly for large workspaces,Search takes longer than expected when filtering a large support workspace Synthetic scenario variant 5.,search,free,high,pending,chat,search|performance|latency
TCK-1262,2026-06-17,Admin permissions are confusing for team roles,Workspace admins cannot tell which role grants access to requested actions Synthetic scenario variant 3.,admin,pro,high,pending,email,permissions|roles|admin
TCK-1328,2026-06-17,Request for bulk actions across tickets,Support admins want bulk updates for repetitive ticket management tasks Synthetic scenario variant 2.,workflow,enterprise,low,solved,web,bulk-actions|feature-request|workflow
TCK-1336,2026-06-17,Request for bulk actions across tickets,Support admins want bulk updates for repetitive ticket management tasks Synthetic scenario variant 3.,workflow,free,low,solved,api,bulk-actions|feature-request|workflow
TCK-1370,2026-06-17,Mobile notification preference question,Customer asks how to adjust mobile notification settings Synthetic scenario variant 0.,mobile,pro,medium,pending,email,mobile|settings
TCK-1378,2026-06-17,Mobile notification preference question,Customer asks how to adjust mobile notification settings Synthetic scenario variant 0.,mobile,enterprise,low,solved,email,mobile|settings
TCK-1003,2026-06-18,CSV export fails for large report,Export job times out when downloading large CSV reports for scheduled analysis Synthetic scenario variant 3.,reporting,enterprise,urgent,open,api,csv|export|timeout|reporting
TCK-1072,2026-06-18,CSV export fails for large report,Export job times out when downloading large CSV reports for scheduled analysis Synthetic scenario variant 2.,reporting,enterprise,high,pending,email,csv|export|timeout|reporting
TCK-1075,2026-06-18,CSV export fails for large report,Export job times out when downloading large CSV reports for scheduled analysis Synthetic scenario variant 5.,reporting,enterprise,urgent,pending,api,csv|export|timeout|reporting
TCK-1144,2026-06-18,API rate limit headers are unclear,Integration retries fail because rate limit reset guidance is hard to interpret Synthetic scenario variant 2.,api,free,medium,pending,api,api|rate-limit|developer-experience
TCK-1216,2026-06-18,Invoice download or billing detail request,Customer needs clearer invoice exports and billing history for finance review Synthetic scenario variant 2.,billing,free,high,open,api,billing|invoice|finance
TCK-1218,2026-06-18,Search results load slowly for large workspaces,Search takes longer than expected when filtering a large support workspace Synthetic scenario variant 1.,search,enterprise,urgent,open,api,search|performance|latency
TCK-1253,2026-06-18,Search results load slowly for large workspaces,Search takes longer than expected when filtering a large support workspace Synthetic scenario variant 4.,search,pro,urgent,pending,api,search|performance|latency
TCK-1266,2026-06-18,Admin permissions are confusing for team roles,Workspace admins cannot tell which role grants access to requested actions Synthetic scenario variant 0.,admin,free,high,solved,web,permissions|roles|admin
TCK-1268,2026-06-18,Admin permissions are confusing for team roles,Workspace admins cannot tell which role grants access to requested actions Synthetic scenario variant 2.,admin,pro,high,pending,chat,permissions|roles|admin
TCK-1301,2026-06-18,Slack integration disconnects unexpectedly,Slack alerts stop posting until the integration is reconnected manually Synthetic scenario variant 1.,integrations,free,high,open,chat,slack|integration|disconnect
TCK-1324,2026-06-18,Slack integration disconnects unexpectedly,Slack alerts stop posting until the integration is reconnected manually Synthetic scenario variant 1.,integrations,free,high,pending,api,slack|integration|disconnect
TCK-1132,2026-06-19,SSO login loop after identity provider redirect,Users are redirected back to sign in and cannot complete SSO login Synthetic scenario variant 0.,authentication,enterprise,urgent,pending,email,sso|login|authentication|redirect
TCK-1135,2026-06-19,API rate limit headers are unclear,Integration retries fail because rate limit reset guidance is hard to interpret Synthetic scenario variant 0.,api,pro,high,open,email,api|rate-limit|developer-experience
TCK-1178,2026-06-19,Invoice download or billing detail request,Customer needs clearer invoice exports and billing history for finance review Synthetic scenario variant 3.,billing,enterprise,medium,solved,web,billing|invoice|finance
TCK-1190,2026-06-19,Invoice download or billing detail request,Customer needs clearer invoice exports and billing history for finance review Synthetic scenario variant 1.,billing,enterprise,medium,open,api,billing|invoice|finance
TCK-1217,2026-06-19,Search results load slowly for large workspaces,Search takes longer than expected when filtering a large support workspace Synthetic scenario variant 0.,search,enterprise,urgent,open,web,search|performance|latency
TCK-1261,2026-06-19,Admin permissions are confusing for team roles,Workspace admins cannot tell which role grants access to requested actions Synthetic scenario variant 2.,admin,enterprise,high,solved,api,permissions|roles|admin
TCK-1284,2026-06-19,Admin permissions are confusing for team roles,Workspace admins cannot tell which role grants access to requested actions Synthetic scenario variant 1.,admin,pro,medium,pending,email,permissions|roles|admin
TCK-1326,2026-06-19,Request for bulk actions across tickets,Support admins want bulk updates for repetitive ticket management tasks Synthetic scenario variant 0.,workflow,pro,medium,solved,web,bulk-actions|feature-request|workflow
TCK-1403,2026-06-19,Mobile notification preference question,Customer asks how to adjust mobile notification settings Synthetic scenario variant 0.,mobile,pro,low,open,chat,mobile|settings
TCK-1008,2026-06-20,CSV export fails for large report,Export job times out when downloading large CSV reports for scheduled analysis Synthetic scenario variant 1.,reporting,enterprise,urgent,solved,web,csv|export|timeout|reporting
TCK-1011,2026-06-20,CSV export fails for large report,Export job times out when downloading large CSV reports for scheduled analysis Synthetic scenario variant 4.,reporting,enterprise,urgent,open,web,csv|export|timeout|reporting
TCK-1014,2026-06-20,CSV export fails for large report,Export job times out when downloading large CSV reports for scheduled analysis Synthetic scenario variant 0.,reporting,enterprise,high,solved,web,csv|export|timeout|reporting
TCK-1017,2026-06-20,CSV export fails for large report,Export job times out when downloading large CSV reports for scheduled analysis Synthetic scenario variant 3.,reporting,pro,high,pending,chat,csv|export|timeout|reporting
TCK-1084,2026-06-20,SSO login loop after identity provider redirect,Users are redirected back to sign in and cannot complete SSO login Synthetic scenario variant 4.,authentication,free,high,open,api,sso|login|authentication|redirect
TCK-1128,2026-06-20,SSO login loop after identity provider redirect,Users are redirected back to sign in and cannot complete SSO login Synthetic scenario variant 3.,authentication,pro,high,pending,web,sso|login|authentication|redirect
TCK-1137,2026-06-20,API rate limit headers are unclear,Integration retries fail because rate limit reset guidance is hard to interpret Synthetic scenario variant 2.,api,pro,medium,open,chat,api|rate-limit|developer-experience
TCK-1166,2026-06-20,API rate limit headers are unclear,Integration retries fail because rate limit reset guidance is hard to interpret Synthetic scenario variant 1.,api,pro,high,open,chat,api|rate-limit|developer-experience
TCK-1185,2026-06-20,Invoice download or billing detail request,Customer needs clearer invoice exports and billing history for finance review Synthetic scenario variant 3.,billing,enterprise,medium,pending,chat,billing|invoice|finance
TCK-1251,2026-06-20,Search results load slowly for large workspaces,Search takes longer than expected when filtering a large support workspace Synthetic scenario variant 2.,search,pro,high,open,chat,search|performance|latency
TCK-1257,2026-06-20,Search results load slowly for large workspaces,Search takes longer than expected when filtering a large support workspace Synthetic scenario variant 1.,search,enterprise,high,pending,web,search|performance|latency
TCK-1263,2026-06-20,Admin permissions are confusing for team roles,Workspace admins cannot tell which role grants access to requested actions Synthetic scenario variant 4.,admin,free,high,open,api,permissions|roles|admin
TCK-1322,2026-06-20,Slack integration disconnects unexpectedly,Slack alerts stop posting until the integration is reconnected manually Synthetic scenario variant 6.,integrations,pro,high,pending,email,slack|integration|disconnect
TCK-1360,2026-06-20,Request for bulk actions across tickets,Support admins want bulk updates for repetitive ticket management tasks Synthetic scenario variant 0.,workflow,pro,medium,pending,api,bulk-actions|feature-request|workflow
TCK-1005,2026-06-21,CSV export fails for large report,Export job times out when downloading large CSV reports for scheduled analysis Synthetic scenario variant 5.,reporting,enterprise,high,pending,email,csv|export|timeout|reporting
TCK-1012,2026-06-21,CSV export fails for large report,Export job times out when downloading large CSV reports for scheduled analysis Synthetic scenario variant 5.,reporting,enterprise,urgent,solved,email,csv|export|timeout|reporting
TCK-1080,2026-06-21,SSO login loop after identity provider redirect,Users are redirected back to sign in and cannot complete SSO login Synthetic scenario variant 0.,authentication,enterprise,high,solved,web,sso|login|authentication|redirect
TCK-1183,2026-06-21,Invoice download or billing detail request,Customer needs clearer invoice exports and billing history for finance review Synthetic scenario variant 1.,billing,pro,high,solved,email,billing|invoice|finance
TCK-1258,2026-06-21,Search results load slowly for large workspaces,Search takes longer than expected when filtering a large support workspace Synthetic scenario variant 2.,search,free,urgent,solved,api,search|performance|latency
TCK-1329,2026-06-21,Request for bulk actions across tickets,Support admins want bulk updates for repetitive ticket management tasks Synthetic scenario variant 3.,workflow,free,medium,solved,web,bulk-actions|feature-request|workflow
TCK-1331,2026-06-21,Request for bulk actions across tickets,Support admins want bulk updates for repetitive ticket management tasks Synthetic scenario variant 5.,workflow,pro,medium,solved,api,bulk-actions|feature-request|workflow
TCK-1333,2026-06-21,Request for bulk actions across tickets,Support admins want bulk updates for repetitive ticket management tasks Synthetic scenario variant 0.,workflow,pro,low,open,chat,bulk-actions|feature-request|workflow
TCK-1337,2026-06-21,Request for bulk actions across tickets,Support admins want bulk updates for repetitive ticket management tasks Synthetic scenario variant 4.,workflow,pro,low,solved,chat,bulk-actions|feature-request|workflow
TCK-1354,2026-06-21,Request for bulk actions across tickets,Support admins want bulk updates for repetitive ticket management tasks Synthetic scenario variant 1.,workflow,enterprise,low,pending,web,bulk-actions|feature-request|workflow
TCK-1016,2026-06-22,CSV export fails for large report,Export job times out when downloading large CSV reports for scheduled analysis Synthetic scenario variant 2.,reporting,enterprise,urgent,open,api,csv|export|timeout|reporting
TCK-1136,2026-06-22,API rate limit headers are unclear,Integration retries fail because rate limit reset guidance is hard to interpret Synthetic scenario variant 1.,api,enterprise,high,open,email,api|rate-limit|developer-experience
TCK-1143,2026-06-22,API rate limit headers are unclear,Integration retries fail because rate limit reset guidance is hard to interpret Synthetic scenario variant 1.,api,pro,medium,open,chat,api|rate-limit|developer-experience
TCK-1146,2026-06-22,API rate limit headers are unclear,Integration retries fail because rate limit reset guidance is hard to interpret Synthetic scenario variant 4.,api,pro,high,open,chat,api|rate-limit|developer-experience
TCK-1219,2026-06-22,Search results load slowly for large workspaces,Search takes longer than expected when filtering a large support workspace Synthetic scenario variant 2.,search,free,high,pending,email,search|performance|latency
TCK-1283,2026-06-22,Admin permissions are confusing for team roles,Workspace admins cannot tell which role grants access to requested actions Synthetic scenario variant 0.,admin,free,medium,solved,api,permissions|roles|admin
TCK-1287,2026-06-22,Admin permissions are confusing for team roles,Workspace admins cannot tell which role grants access to requested actions Synthetic scenario variant 4.,admin,enterprise,medium,solved,api,permissions|roles|admin
TCK-1291,2026-06-22,Admin permissions are confusing for team roles,Workspace admins cannot tell which role grants access to requested actions Synthetic scenario variant 1.,admin,enterprise,medium,solved,api,permissions|roles|admin
TCK-1295,2026-06-22,Slack integration disconnects unexpectedly,Slack alerts stop posting until the integration is reconnected manually Synthetic scenario variant 2.,integrations,enterprise,high,open,web,slack|integration|disconnect
TCK-1300,2026-06-22,Slack integration disconnects unexpectedly,Slack alerts stop posting until the integration is reconnected manually Synthetic scenario variant 0.,integrations,free,medium,pending,api,slack|integration|disconnect
TCK-1330,2026-06-22,Request for bulk actions across tickets,Support admins want bulk updates for repetitive ticket management tasks Synthetic scenario variant 4.,workflow,pro,medium,open,api,bulk-actions|feature-request|workflow
TCK-1332,2026-06-22,Request for bulk actions across tickets,Support admins want bulk updates for repetitive ticket management tasks Synthetic scenario variant 6.,workflow,pro,low,open,api,bulk-actions|feature-request|workflow
TCK-1373,2026-06-22,Profile language setting question,User asks where to change language preference in profile settings Synthetic scenario variant 0.,profile,pro,medium,open,chat,profile|settings
TCK-1398,2026-06-22,Question about onboarding checklist,New workspace owner asks about recommended onboarding steps Synthetic scenario variant 0.,onboarding,enterprise,low,open,api,onboarding|how-to
TCK-1083,2026-06-23,SSO login loop after identity provider redirect,Users are redirected back to sign in and cannot complete SSO login Synthetic scenario variant 3.,authentication,enterprise,urgent,solved,web,sso|login|authentication|redirect
TCK-1129,2026-06-23,SSO login loop after identity provider redirect,Users are redirected back to sign in and cannot complete SSO login Synthetic scenario variant 4.,authentication,pro,high,open,email,sso|login|authentication|redirect
TCK-1176,2026-06-23,Invoice download or billing detail request,Customer needs clearer invoice exports and billing history for finance review Synthetic scenario variant 1.,billing,enterprise,high,open,web,billing|invoice|finance
TCK-1221,2026-06-23,Search results load slowly for large workspaces,Search takes longer than expected when filtering a large support workspace Synthetic scenario variant 4.,search,enterprise,high,open,chat,search|performance|latency
TCK-1267,2026-06-23,Admin permissions are confusing for team roles,Workspace admins cannot tell which role grants access to requested actions Synthetic scenario variant 1.,admin,pro,medium,open,email,permissions|roles|admin
TCK-1269,2026-06-23,Admin permissions are confusing for team roles,Workspace admins cannot tell which role grants access to requested actions Synthetic scenario variant 3.,admin,free,high,open,chat,permissions|roles|admin
TCK-1317,2026-06-23,Slack integration disconnects unexpectedly,Slack alerts stop posting until the integration is reconnected manually Synthetic scenario variant 1.,integrations,free,medium,solved,web,slack|integration|disconnect
TCK-1416,2026-06-23,Question about onboarding checklist,New workspace owner asks about recommended onboarding steps Synthetic scenario variant 0.,onboarding,free,low,solved,email,onboarding|how-to
TCK-1001,2026-06-24,CSV export fails for large report,Export job times out when downloading large CSV reports for scheduled analysis Synthetic scenario variant 1.,reporting,pro,high,solved,api,csv|export|timeout|reporting
TCK-1188,2026-06-24,Invoice download or billing detail request,Customer needs clearer invoice exports and billing history for finance review Synthetic scenario variant 6.,billing,free,high,solved,chat,billing|invoice|finance
TCK-1189,2026-06-24,Invoice download or billing detail request,Customer needs clearer invoice exports and billing history for finance review Synthetic scenario variant 0.,billing,free,high,solved,chat,billing|invoice|finance
TCK-1224,2026-06-24,Search results load slowly for large workspaces,Search takes longer than expected when filtering a large support workspace Synthetic scenario variant 0.,search,pro,high,open,email,search|performance|latency
TCK-1259,2026-06-24,Admin permissions are confusing for team roles,Workspace admins cannot tell which role grants access to requested actions Synthetic scenario variant 0.,admin,free,medium,solved,web,permissions|roles|admin
TCK-1316,2026-06-24,Slack integration disconnects unexpectedly,Slack alerts stop posting until the integration is reconnected manually Synthetic scenario variant 0.,integrations,pro,medium,pending,email,slack|integration|disconnect
TCK-1006,2026-06-25,CSV export fails for large report,Export job times out when downloading large CSV reports for scheduled analysis Synthetic scenario variant 6.,reporting,pro,urgent,solved,web,csv|export|timeout|reporting
TCK-1139,2026-06-25,API rate limit headers are unclear,Integration retries fail because rate limit reset guidance is hard to interpret Synthetic scenario variant 4.,api,pro,high,solved,chat,api|rate-limit|developer-experience
TCK-1181,2026-06-25,Invoice download or billing detail request,Customer needs clearer invoice exports and billing history for finance review Synthetic scenario variant 6.,billing,pro,high,pending,api,billing|invoice|finance
TCK-1214,2026-06-25,Invoice download or billing detail request,Customer needs clearer invoice exports and billing history for finance review Synthetic scenario variant 0.,billing,pro,high,solved,chat,billing|invoice|finance
TCK-1250,2026-06-25,Search results load slowly for large workspaces,Search takes longer than expected when filtering a large support workspace Synthetic scenario variant 1.,search,pro,urgent,open,web,search|performance|latency
TCK-1260,2026-06-25,Admin permissions are confusing for team roles,Workspace admins cannot tell which role grants access to requested actions Synthetic scenario variant 1.,admin,pro,medium,pending,email,permissions|roles|admin
TCK-1335,2026-06-25,Request for bulk actions across tickets,Support admins want bulk updates for repetitive ticket management tasks Synthetic scenario variant 2.,workflow,free,medium,pending,api,bulk-actions|feature-request|workflow
TCK-1002,2026-06-26,CSV export fails for large report,Export job times out when downloading large CSV reports for scheduled analysis Synthetic scenario variant 2.,reporting,enterprise,high,open,email,csv|export|timeout|reporting
TCK-1089,2026-06-26,SSO login loop after identity provider redirect,Users are redirected back to sign in and cannot complete SSO login Synthetic scenario variant 2.,authentication,enterprise,high,solved,email,sso|login|authentication|redirect
TCK-1180,2026-06-26,Invoice download or billing detail request,Customer needs clearer invoice exports and billing history for finance review Synthetic scenario variant 5.,billing,pro,high,solved,chat,billing|invoice|finance
TCK-1207,2026-06-26,Invoice download or billing detail request,Customer needs clearer invoice exports and billing history for finance review Synthetic scenario variant 0.,billing,enterprise,high,open,api,billing|invoice|finance
TCK-1293,2026-06-26,Slack integration disconnects unexpectedly,Slack alerts stop posting until the integration is reconnected manually Synthetic scenario variant 0.,integrations,pro,medium,pending,web,slack|integration|disconnect
TCK-1029,2026-06-27,CSV export fails for large report,Export job times out when downloading large CSV reports for scheduled analysis Synthetic scenario variant 4.,reporting,enterprise,high,open,api,csv|export|timeout|reporting
TCK-1109,2026-06-27,SSO login loop after identity provider redirect,Users are redirected back to sign in and cannot complete SSO login Synthetic scenario variant 5.,authentication,free,high,open,email,sso|login|authentication|redirect
TCK-1126,2026-06-27,SSO login loop after identity provider redirect,Users are redirected back to sign in and cannot complete SSO login Synthetic scenario variant 1.,authentication,enterprise,high,solved,api,sso|login|authentication|redirect
TCK-1169,2026-06-27,API rate limit headers are unclear,Integration retries fail because rate limit reset guidance is hard to interpret Synthetic scenario variant 4.,api,enterprise,high,open,api,api|rate-limit|developer-experience
TCK-1197,2026-06-27,Invoice download or billing detail request,Customer needs clearer invoice exports and billing history for finance review Synthetic scenario variant 6.,billing,enterprise,high,pending,email,billing|invoice|finance
TCK-1202,2026-06-27,Invoice download or billing detail request,Customer needs clearer invoice exports and billing history for finance review Synthetic scenario variant 4.,billing,pro,medium,open,web,billing|invoice|finance
TCK-1212,2026-06-27,Invoice download or billing detail request,Customer needs clearer invoice exports and billing history for finance review Synthetic scenario variant 5.,billing,free,medium,open,web,billing|invoice|finance
TCK-1215,2026-06-27,Invoice download or billing detail request,Customer needs clearer invoice exports and billing history for finance review Synthetic scenario variant 1.,billing,pro,high,solved,api,billing|invoice|finance
TCK-1226,2026-06-27,Search results load slowly for large workspaces,Search takes longer than expected when filtering a large support workspace Synthetic scenario variant 1.,search,free,high,open,api,search|performance|latency
TCK-1230,2026-06-27,Search results load slowly for large workspaces,Search takes longer than expected when filtering a large support workspace Synthetic scenario variant 5.,search,enterprise,urgent,pending,email,search|performance|latency
TCK-1248,2026-06-27,Search results load slowly for large workspaces,Search takes longer than expected when filtering a large support workspace Synthetic scenario variant 2.,search,free,high,solved,api,search|performance|latency
TCK-1254,2026-06-27,Search results load slowly for large workspaces,Search takes longer than expected when filtering a large support workspace Synthetic scenario variant 5.,search,pro,high,pending,api,search|performance|latency
TCK-1275,2026-06-27,Admin permissions are confusing for team roles,Workspace admins cannot tell which role grants access to requested actions Synthetic scenario variant 5.,admin,free,high,open,email,permissions|roles|admin
TCK-1303,2026-06-27,Slack integration disconnects unexpectedly,Slack alerts stop posting until the integration is reconnected manually Synthetic scenario variant 1.,integrations,pro,high,open,api,slack|integration|disconnect
TCK-1306,2026-06-27,Slack integration disconnects unexpectedly,Slack alerts stop posting until the integration is reconnected manually Synthetic scenario variant 4.,integrations,pro,high,solved,chat,slack|integration|disconnect
TCK-1310,2026-06-27,Slack integration disconnects unexpectedly,Slack alerts stop posting until the integration is reconnected manually Synthetic scenario variant 1.,integrations,free,high,open,email,slack|integration|disconnect
TCK-1347,2026-06-27,Request for bulk actions across tickets,Support admins want bulk updates for repetitive ticket management tasks Synthetic scenario variant 2.,workflow,pro,medium,pending,chat,bulk-actions|feature-request|workflow
TCK-1020,2026-06-28,CSV export fails for large report,Export job times out when downloading large CSV reports for scheduled analysis Synthetic scenario variant 2.,reporting,enterprise,high,solved,chat,csv|export|timeout|reporting
TCK-1033,2026-06-28,CSV export fails for large report,Export job times out when downloading large CSV reports for scheduled analysis Synthetic scenario variant 1.,reporting,enterprise,high,pending,email,csv|export|timeout|reporting
TCK-1043,2026-06-28,CSV export fails for large report,Export job times out when downloading large CSV reports for scheduled analysis Synthetic scenario variant 4.,reporting,enterprise,high,pending,api,csv|export|timeout|reporting
TCK-1060,2026-06-28,CSV export fails for large report,Export job times out when downloading large CSV reports for scheduled analysis Synthetic scenario variant 0.,reporting,free,urgent,solved,chat,csv|export|timeout|reporting
TCK-1078,2026-06-28,CSV export fails for large report,Export job times out when downloading large CSV reports for scheduled analysis Synthetic scenario variant 1.,reporting,pro,urgent,solved,chat,csv|export|timeout|reporting
TCK-1097,2026-06-28,SSO login loop after identity provider redirect,Users are redirected back to sign in and cannot complete SSO login Synthetic scenario variant 0.,authentication,free,high,pending,email,sso|login|authentication|redirect
TCK-1106,2026-06-28,SSO login loop after identity provider redirect,Users are redirected back to sign in and cannot complete SSO login Synthetic scenario variant 2.,authentication,free,high,open,email,sso|login|authentication|redirect
TCK-1114,2026-06-28,SSO login loop after identity provider redirect,Users are redirected back to sign in and cannot complete SSO login Synthetic scenario variant 3.,authentication,enterprise,high,pending,chat,sso|login|authentication|redirect
TCK-1115,2026-06-28,SSO login loop after identity provider redirect,Users are redirected back to sign in and cannot complete SSO login Synthetic scenario variant 4.,authentication,enterprise,urgent,open,web,sso|login|authentication|redirect
TCK-1149,2026-06-28,API rate limit headers are unclear,Integration retries fail because rate limit reset guidance is hard to interpret Synthetic scenario variant 2.,api,free,high,solved,web,api|rate-limit|developer-experience
TCK-1157,2026-06-28,API rate limit headers are unclear,Integration retries fail because rate limit reset guidance is hard to interpret Synthetic scenario variant 3.,api,pro,high,pending,web,api|rate-limit|developer-experience
TCK-1193,2026-06-28,Invoice download or billing detail request,Customer needs clearer invoice exports and billing history for finance review Synthetic scenario variant 2.,billing,pro,high,solved,web,billing|invoice|finance
TCK-1245,2026-06-28,Search results load slowly for large workspaces,Search takes longer than expected when filtering a large support workspace Synthetic scenario variant 6.,search,enterprise,high,pending,email,search|performance|latency
TCK-1273,2026-06-28,Admin permissions are confusing for team roles,Workspace admins cannot tell which role grants access to requested actions Synthetic scenario variant 3.,admin,pro,high,pending,email,permissions|roles|admin
TCK-1304,2026-06-28,Slack integration disconnects unexpectedly,Slack alerts stop posting until the integration is reconnected manually Synthetic scenario variant 2.,integrations,pro,medium,pending,email,slack|integration|disconnect
TCK-1308,2026-06-28,Slack integration disconnects unexpectedly,Slack alerts stop posting until the integration is reconnected manually Synthetic scenario variant 6.,integrations,free,medium,open,api,slack|integration|disconnect
TCK-1309,2026-06-28,Slack integration disconnects unexpectedly,Slack alerts stop posting until the integration is reconnected manually Synthetic scenario variant 0.,integrations,enterprise,medium,pending,email,slack|integration|disconnect
TCK-1346,2026-06-28,Request for bulk actions across tickets,Support admins want bulk updates for repetitive ticket management tasks Synthetic scenario variant 1.,workflow,enterprise,low,open,api,bulk-actions|feature-request|workflow
TCK-1388,2026-06-28,One-off PDF formatting question,PDF export has a minor formatting question for a small report Synthetic scenario variant 0.,exports,pro,medium,solved,web,pdf|formatting
TCK-1095,2026-06-29,SSO login loop after identity provider redirect,Users are redirected back to sign in and cannot complete SSO login Synthetic scenario variant 5.,authentication,pro,high,open,web,sso|login|authentication|redirect
TCK-1098,2026-06-29,SSO login loop after identity provider redirect,Users are redirected back to sign in and cannot complete SSO login Synthetic scenario variant 1.,authentication,enterprise,high,solved,chat,sso|login|authentication|redirect
TCK-1127,2026-06-29,SSO login loop after identity provider redirect,Users are redirected back to sign in and cannot complete SSO login Synthetic scenario variant 2.,authentication,free,urgent,pending,chat,sso|login|authentication|redirect
TCK-1225,2026-06-29,Search results load slowly for large workspaces,Search takes longer than expected when filtering a large support workspace Synthetic scenario variant 0.,search,free,high,solved,web,search|performance|latency
TCK-1325,2026-06-29,Slack integration disconnects unexpectedly,Slack alerts stop posting until the integration is reconnected manually Synthetic scenario variant 2.,integrations,enterprise,high,pending,chat,slack|integration|disconnect
TCK-1350,2026-06-29,Request for bulk actions across tickets,Support admins want bulk updates for repetitive ticket management tasks Synthetic scenario variant 5.,workflow,enterprise,low,pending,api,bulk-actions|feature-request|workflow
TCK-1366,2026-06-29,Question about onboarding checklist,New workspace owner asks about recommended onboarding steps Synthetic scenario variant 0.,onboarding,enterprise,medium,open,chat,onboarding|how-to
TCK-1018,2026-06-30,CSV export fails for large report,Export job times out when downloading large CSV reports for scheduled analysis Synthetic scenario variant 0.,reporting,pro,urgent,solved,api,csv|export|timeout|reporting
TCK-1035,2026-06-30,CSV export fails for large report,Export job times out when downloading large CSV reports for scheduled analysis Synthetic scenario variant 3.,reporting,enterprise,high,pending,email,csv|export|timeout|reporting
TCK-1092,2026-06-30,SSO login loop after identity provider redirect,Users are redirected back to sign in and cannot complete SSO login Synthetic scenario variant 2.,authentication,enterprise,high,open,chat,sso|login|authentication|redirect
TCK-1124,2026-06-30,SSO login loop after identity provider redirect,Users are redirected back to sign in and cannot complete SSO login Synthetic scenario variant 6.,authentication,pro,high,solved,web,sso|login|authentication|redirect
TCK-1195,2026-06-30,Invoice download or billing detail request,Customer needs clearer invoice exports and billing history for finance review Synthetic scenario variant 4.,billing,enterprise,high,open,chat,billing|invoice|finance
TCK-1200,2026-06-30,Invoice download or billing detail request,Customer needs clearer invoice exports and billing history for finance review Synthetic scenario variant 2.,billing,pro,high,solved,chat,billing|invoice|finance
TCK-1236,2026-06-30,Search results load slowly for large workspaces,Search takes longer than expected when filtering a large support workspace Synthetic scenario variant 4.,search,pro,urgent,pending,api,search|performance|latency
TCK-1244,2026-06-30,Search results load slowly for large workspaces,Search takes longer than expected when filtering a large support workspace Synthetic scenario variant 5.,search,enterprise,urgent,solved,web,search|performance|latency
TCK-1313,2026-06-30,Slack integration disconnects unexpectedly,Slack alerts stop posting until the integration is reconnected manually Synthetic scenario variant 4.,integrations,pro,medium,solved,email,slack|integration|disconnect
TCK-1319,2026-06-30,Slack integration disconnects unexpectedly,Slack alerts stop posting until the integration is reconnected manually Synthetic scenario variant 3.,integrations,enterprise,high,solved,chat,slack|integration|disconnect
TCK-1339,2026-06-30,Request for bulk actions across tickets,Support admins want bulk updates for repetitive ticket management tasks Synthetic scenario variant 1.,workflow,enterprise,low,solved,chat,bulk-actions|feature-request|workflow
TCK-1342,2026-06-30,Request for bulk actions across tickets,Support admins want bulk updates for repetitive ticket management tasks Synthetic scenario variant 4.,workflow,free,low,pending,chat,bulk-actions|feature-request|workflow
TCK-1046,2026-07-01,CSV export fails for large report,Export job times out when downloading large CSV reports for scheduled analysis Synthetic scenario variant 0.,reporting,enterprise,urgent,open,chat,csv|export|timeout|reporting
TCK-1047,2026-07-01,CSV export fails for large report,Export job times out when downloading large CSV reports for scheduled analysis Synthetic scenario variant 1.,reporting,enterprise,high,solved,email,csv|export|timeout|reporting
TCK-1062,2026-07-01,CSV export fails for large report,Export job times out when downloading large CSV reports for scheduled analysis Synthetic scenario variant 2.,reporting,enterprise,high,solved,api,csv|export|timeout|reporting
TCK-1073,2026-07-01,CSV export fails for large report,Export job times out when downloading large CSV reports for scheduled analysis Synthetic scenario variant 3.,reporting,enterprise,urgent,pending,web,csv|export|timeout|reporting
TCK-1102,2026-07-01,SSO login loop after identity provider redirect,Users are redirected back to sign in and cannot complete SSO login Synthetic scenario variant 5.,authentication,enterprise,high,solved,chat,sso|login|authentication|redirect
TCK-1107,2026-07-01,SSO login loop after identity provider redirect,Users are redirected back to sign in and cannot complete SSO login Synthetic scenario variant 3.,authentication,free,high,pending,api,sso|login|authentication|redirect
TCK-1108,2026-07-01,SSO login loop after identity provider redirect,Users are redirected back to sign in and cannot complete SSO login Synthetic scenario variant 4.,authentication,enterprise,high,open,api,sso|login|authentication|redirect
TCK-1131,2026-07-01,SSO login loop after identity provider redirect,Users are redirected back to sign in and cannot complete SSO login Synthetic scenario variant 6.,authentication,enterprise,high,open,chat,sso|login|authentication|redirect
TCK-1147,2026-07-01,API rate limit headers are unclear,Integration retries fail because rate limit reset guidance is hard to interpret Synthetic scenario variant 0.,api,enterprise,medium,pending,email,api|rate-limit|developer-experience
TCK-1151,2026-07-01,API rate limit headers are unclear,Integration retries fail because rate limit reset guidance is hard to interpret Synthetic scenario variant 4.,api,pro,high,pending,email,api|rate-limit|developer-experience
TCK-1156,2026-07-01,API rate limit headers are unclear,Integration retries fail because rate limit reset guidance is hard to interpret Synthetic scenario variant 2.,api,free,high,solved,api,api|rate-limit|developer-experience
TCK-1210,2026-07-01,Invoice download or billing detail request,Customer needs clearer invoice exports and billing history for finance review Synthetic scenario variant 3.,billing,free,high,solved,chat,billing|invoice|finance
TCK-1247,2026-07-01,Search results load slowly for large workspaces,Search takes longer than expected when filtering a large support workspace Synthetic scenario variant 1.,search,pro,urgent,pending,web,search|performance|latency
TCK-1282,2026-07-01,Admin permissions are confusing for team roles,Workspace admins cannot tell which role grants access to requested actions Synthetic scenario variant 5.,admin,pro,high,solved,email,permissions|roles|admin
TCK-1345,2026-07-01,Request for bulk actions across tickets,Support admins want bulk updates for repetitive ticket management tasks Synthetic scenario variant 0.,workflow,enterprise,low,pending,chat,bulk-actions|feature-request|workflow
TCK-1362,2026-07-01,Request for bulk actions across tickets,Support admins want bulk updates for repetitive ticket management tasks Synthetic scenario variant 2.,workflow,pro,medium,solved,chat,bulk-actions|feature-request|workflow
TCK-1372,2026-07-01,Profile language setting question,User asks where to change language preference in profile settings Synthetic scenario variant 0.,profile,enterprise,low,open,email,profile|settings
TCK-1385,2026-07-01,Question about onboarding checklist,New workspace owner asks about recommended onboarding steps Synthetic scenario variant 0.,onboarding,enterprise,low,solved,api,onboarding|how-to
TCK-1391,2026-07-01,Profile language setting question,User asks where to change language preference in profile settings Synthetic scenario variant 0.,profile,free,low,open,chat,profile|settings
TCK-1401,2026-07-01,One-off PDF formatting question,PDF export has a minor formatting question for a small report Synthetic scenario variant 0.,exports,pro,low,pending,web,pdf|formatting
TCK-1415,2026-07-01,Mobile notification preference question,Customer asks how to adjust mobile notification settings Synthetic scenario variant 0.,mobile,pro,medium,solved,api,mobile|settings
TCK-1019,2026-07-02,CSV export fails for large report,Export job times out when downloading large CSV reports for scheduled analysis Synthetic scenario variant 1.,reporting,enterprise,high,solved,api,csv|export|timeout|reporting
TCK-1057,2026-07-02,CSV export fails for large report,Export job times out when downloading large CSV reports for scheduled analysis Synthetic scenario variant 4.,reporting,enterprise,urgent,solved,web,csv|export|timeout|reporting
TCK-1068,2026-07-02,CSV export fails for large report,Export job times out when downloading large CSV reports for scheduled analysis Synthetic scenario variant 1.,reporting,enterprise,high,solved,email,csv|export|timeout|reporting
TCK-1069,2026-07-02,CSV export fails for large report,Export job times out when downloading large CSV reports for scheduled analysis Synthetic scenario variant 2.,reporting,enterprise,urgent,solved,chat,csv|export|timeout|reporting
TCK-1123,2026-07-02,SSO login loop after identity provider redirect,Users are redirected back to sign in and cannot complete SSO login Synthetic scenario variant 5.,authentication,enterprise,high,open,api,sso|login|authentication|redirect
TCK-1168,2026-07-02,API rate limit headers are unclear,Integration retries fail because rate limit reset guidance is hard to interpret Synthetic scenario variant 3.,api,enterprise,high,solved,web,api|rate-limit|developer-experience
TCK-1203,2026-07-02,Invoice download or billing detail request,Customer needs clearer invoice exports and billing history for finance review Synthetic scenario variant 5.,billing,pro,medium,open,chat,billing|invoice|finance
TCK-1213,2026-07-02,Invoice download or billing detail request,Customer needs clearer invoice exports and billing history for finance review Synthetic scenario variant 6.,billing,free,medium,solved,chat,billing|invoice|finance
TCK-1232,2026-07-02,Search results load slowly for large workspaces,Search takes longer than expected when filtering a large support workspace Synthetic scenario variant 0.,search,pro,high,open,web,search|performance|latency
TCK-1238,2026-07-02,Search results load slowly for large workspaces,Search takes longer than expected when filtering a large support workspace Synthetic scenario variant 6.,search,enterprise,urgent,open,email,search|performance|latency
TCK-1243,2026-07-02,Search results load slowly for large workspaces,Search takes longer than expected when filtering a large support workspace Synthetic scenario variant 4.,search,free,high,open,api,search|performance|latency
TCK-1274,2026-07-02,Admin permissions are confusing for team roles,Workspace admins cannot tell which role grants access to requested actions Synthetic scenario variant 4.,admin,pro,high,pending,api,permissions|roles|admin
TCK-1363,2026-07-02,One-off PDF formatting question,PDF export has a minor formatting question for a small report Synthetic scenario variant 0.,exports,pro,medium,pending,chat,pdf|formatting
TCK-1369,2026-07-02,Mobile notification preference question,Customer asks how to adjust mobile notification settings Synthetic scenario variant 0.,mobile,pro,medium,pending,email,mobile|settings
TCK-1377,2026-07-02,Profile language setting question,User asks where to change language preference in profile settings Synthetic scenario variant 0.,profile,pro,low,pending,web,profile|settings
TCK-1396,2026-07-02,Mobile notification preference question,Customer asks how to adjust mobile notification settings Synthetic scenario variant 0.,mobile,pro,medium,open,api,mobile|settings
TCK-1024,2026-07-03,CSV export fails for large report,Export job times out when downloading large CSV reports for scheduled analysis Synthetic scenario variant 6.,reporting,enterprise,high,solved,web,csv|export|timeout|reporting
TCK-1039,2026-07-03,CSV export fails for large report,Export job times out when downloading large CSV reports for scheduled analysis Synthetic scenario variant 0.,reporting,pro,high,open,api,csv|export|timeout|reporting
TCK-1045,2026-07-03,CSV export fails for large report,Export job times out when downloading large CSV reports for scheduled analysis Synthetic scenario variant 6.,reporting,enterprise,urgent,pending,api,csv|export|timeout|reporting
TCK-1051,2026-07-03,CSV export fails for large report,Export job times out when downloading large CSV reports for scheduled analysis Synthetic scenario variant 5.,reporting,enterprise,high,solved,email,csv|export|timeout|reporting
TCK-1067,2026-07-03,CSV export fails for large report,Export job times out when downloading large CSV reports for scheduled analysis Synthetic scenario variant 0.,reporting,enterprise,urgent,pending,email,csv|export|timeout|reporting
TCK-1104,2026-07-03,SSO login loop after identity provider redirect,Users are redirected back to sign in and cannot complete SSO login Synthetic scenario variant 0.,authentication,pro,high,solved,chat,sso|login|authentication|redirect
TCK-1162,2026-07-03,API rate limit headers are unclear,Integration retries fail because rate limit reset guidance is hard to interpret Synthetic scenario variant 1.,api,free,high,solved,api,api|rate-limit|developer-experience
TCK-1196,2026-07-03,Invoice download or billing detail request,Customer needs clearer invoice exports and billing history for finance review Synthetic scenario variant 5.,billing,pro,high,solved,web,billing|invoice|finance
TCK-1288,2026-07-03,Admin permissions are confusing for team roles,Workspace admins cannot tell which role grants access to requested actions Synthetic scenario variant 5.,admin,pro,high,pending,chat,permissions|roles|admin
TCK-1315,2026-07-03,Slack integration disconnects unexpectedly,Slack alerts stop posting until the integration is reconnected manually Synthetic scenario variant 6.,integrations,enterprise,medium,solved,api,slack|integration|disconnect
TCK-1375,2026-07-03,Question about onboarding checklist,New workspace owner asks about recommended onboarding steps Synthetic scenario variant 0.,onboarding,free,medium,open,api,onboarding|how-to
TCK-1376,2026-07-03,One-off PDF formatting question,PDF export has a minor formatting question for a small report Synthetic scenario variant 0.,exports,enterprise,medium,solved,web,pdf|formatting
TCK-1387,2026-07-03,Profile language setting question,User asks where to change language preference in profile settings Synthetic scenario variant 0.,profile,enterprise,low,pending,email,profile|settings
TCK-1413,2026-07-03,Profile language setting question,User asks where to change language preference in profile settings Synthetic scenario variant 0.,profile,pro,low,solved,web,profile|settings
TCK-1417,2026-07-03,Mobile notification preference question,Customer asks how to adjust mobile notification settings Synthetic scenario variant 0.,mobile,pro,low,open,chat,mobile|settings
TCK-1028,2026-07-04,CSV export fails for large report,Export job times out when downloading large CSV reports for scheduled analysis Synthetic scenario variant 3.,reporting,enterprise,urgent,pending,chat,csv|export|timeout|reporting
TCK-1044,2026-07-04,CSV export fails for large report,Export job times out when downloading large CSV reports for scheduled analysis Synthetic scenario variant 5.,reporting,enterprise,urgent,open,chat,csv|export|timeout|reporting
TCK-1054,2026-07-04,CSV export fails for large report,Export job times out when downloading large CSV reports for scheduled analysis Synthetic scenario variant 1.,reporting,enterprise,high,open,api,csv|export|timeout|reporting
TCK-1090,2026-07-04,SSO login loop after identity provider redirect,Users are redirected back to sign in and cannot complete SSO login Synthetic scenario variant 0.,authentication,pro,urgent,solved,api,sso|login|authentication|redirect
TCK-1091,2026-07-04,SSO login loop after identity provider redirect,Users are redirected back to sign in and cannot complete SSO login Synthetic scenario variant 1.,authentication,free,urgent,open,api,sso|login|authentication|redirect
TCK-1103,2026-07-04,SSO login loop after identity provider redirect,Users are redirected back to sign in and cannot complete SSO login Synthetic scenario variant 6.,authentication,enterprise,high,pending,email,sso|login|authentication|redirect
TCK-1112,2026-07-04,SSO login loop after identity provider redirect,Users are redirected back to sign in and cannot complete SSO login Synthetic scenario variant 1.,authentication,pro,urgent,pending,web,sso|login|authentication|redirect
TCK-1122,2026-07-04,SSO login loop after identity provider redirect,Users are redirected back to sign in and cannot complete SSO login Synthetic scenario variant 4.,authentication,enterprise,high,solved,api,sso|login|authentication|redirect
TCK-1150,2026-07-04,API rate limit headers are unclear,Integration retries fail because rate limit reset guidance is hard to interpret Synthetic scenario variant 3.,api,free,high,solved,api,api|rate-limit|developer-experience
TCK-1160,2026-07-04,API rate limit headers are unclear,Integration retries fail because rate limit reset guidance is hard to interpret Synthetic scenario variant 6.,api,free,high,pending,email,api|rate-limit|developer-experience
TCK-1231,2026-07-04,Search results load slowly for large workspaces,Search takes longer than expected when filtering a large support workspace Synthetic scenario variant 6.,search,pro,urgent,open,email,search|performance|latency
TCK-1234,2026-07-04,Search results load slowly for large workspaces,Search takes longer than expected when filtering a large support workspace Synthetic scenario variant 2.,search,pro,urgent,open,email,search|performance|latency
TCK-1271,2026-07-04,Admin permissions are confusing for team roles,Workspace admins cannot tell which role grants access to requested actions Synthetic scenario variant 1.,admin,enterprise,high,solved,web,permissions|roles|admin
TCK-1277,2026-07-04,Admin permissions are confusing for team roles,Workspace admins cannot tell which role grants access to requested actions Synthetic scenario variant 0.,admin,enterprise,medium,pending,api,permissions|roles|admin
TCK-1281,2026-07-04,Admin permissions are confusing for team roles,Workspace admins cannot tell which role grants access to requested actions Synthetic scenario variant 4.,admin,pro,medium,pending,web,permissions|roles|admin
TCK-1340,2026-07-04,Request for bulk actions across tickets,Support admins want bulk updates for repetitive ticket management tasks Synthetic scenario variant 2.,workflow,pro,low,pending,web,bulk-actions|feature-request|workflow
TCK-1367,2026-07-04,Profile language setting question,User asks where to change language preference in profile settings Synthetic scenario variant 0.,profile,pro,medium,pending,email,profile|settings
TCK-1383,2026-07-04,One-off PDF formatting question,PDF export has a minor formatting question for a small report Synthetic scenario variant 0.,exports,enterprise,medium,solved,web,pdf|formatting
TCK-1390,2026-07-04,Question about onboarding checklist,New workspace owner asks about recommended onboarding steps Synthetic scenario variant 0.,onboarding,free,low,open,email,onboarding|how-to
TCK-1392,2026-07-04,Profile language setting question,User asks where to change language preference in profile settings Synthetic scenario variant 0.,profile,pro,low,pending,web,profile|settings
TCK-1407,2026-07-04,Question about onboarding checklist,New workspace owner asks about recommended onboarding steps Synthetic scenario variant 0.,onboarding,pro,low,solved,api,onboarding|how-to
TCK-1408,2026-07-04,Mobile notification preference question,Customer asks how to adjust mobile notification settings Synthetic scenario variant 0.,mobile,enterprise,medium,open,api,mobile|settings
TCK-1022,2026-07-05,CSV export fails for large report,Export job times out when downloading large CSV reports for scheduled analysis Synthetic scenario variant 4.,reporting,enterprise,high,solved,email,csv|export|timeout|reporting
TCK-1025,2026-07-05,CSV export fails for large report,Export job times out when downloading large CSV reports for scheduled analysis Synthetic scenario variant 0.,reporting,pro,high,solved,web,csv|export|timeout|reporting
TCK-1027,2026-07-05,CSV export fails for large report,Export job times out when downloading large CSV reports for scheduled analysis Synthetic scenario variant 2.,reporting,enterprise,high,solved,web,csv|export|timeout|reporting
TCK-1031,2026-07-05,CSV export fails for large report,Export job times out when downloading large CSV reports for scheduled analysis Synthetic scenario variant 6.,reporting,enterprise,urgent,open,chat,csv|export|timeout|reporting
TCK-1036,2026-07-05,CSV export fails for large report,Export job times out when downloading large CSV reports for scheduled analysis Synthetic scenario variant 4.,reporting,enterprise,urgent,open,chat,csv|export|timeout|reporting
TCK-1041,2026-07-05,CSV export fails for large report,Export job times out when downloading large CSV reports for scheduled analysis Synthetic scenario variant 2.,reporting,pro,urgent,pending,chat,csv|export|timeout|reporting
TCK-1049,2026-07-05,CSV export fails for large report,Export job times out when downloading large CSV reports for scheduled analysis Synthetic scenario variant 3.,reporting,pro,high,solved,email,csv|export|timeout|reporting
TCK-1056,2026-07-05,CSV export fails for large report,Export job times out when downloading large CSV reports for scheduled analysis Synthetic scenario variant 3.,reporting,enterprise,urgent,open,chat,csv|export|timeout|reporting
TCK-1065,2026-07-05,CSV export fails for large report,Export job times out when downloading large CSV reports for scheduled analysis Synthetic scenario variant 5.,reporting,enterprise,high,solved,chat,csv|export|timeout|reporting
TCK-1066,2026-07-05,CSV export fails for large report,Export job times out when downloading large CSV reports for scheduled analysis Synthetic scenario variant 6.,reporting,enterprise,urgent,solved,chat,csv|export|timeout|reporting
TCK-1076,2026-07-05,CSV export fails for large report,Export job times out when downloading large CSV reports for scheduled analysis Synthetic scenario variant 6.,reporting,free,urgent,open,web,csv|export|timeout|reporting
TCK-1100,2026-07-05,SSO login loop after identity provider redirect,Users are redirected back to sign in and cannot complete SSO login Synthetic scenario variant 3.,authentication,free,high,pending,email,sso|login|authentication|redirect
TCK-1133,2026-07-05,SSO login loop after identity provider redirect,Users are redirected back to sign in and cannot complete SSO login Synthetic scenario variant 1.,authentication,enterprise,urgent,open,web,sso|login|authentication|redirect
TCK-1148,2026-07-05,API rate limit headers are unclear,Integration retries fail because rate limit reset guidance is hard to interpret Synthetic scenario variant 1.,api,free,medium,pending,chat,api|rate-limit|developer-experience
TCK-1164,2026-07-05,API rate limit headers are unclear,Integration retries fail because rate limit reset guidance is hard to interpret Synthetic scenario variant 3.,api,free,high,pending,api,api|rate-limit|developer-experience
TCK-1227,2026-07-05,Search results load slowly for large workspaces,Search takes longer than expected when filtering a large support workspace Synthetic scenario variant 2.,search,free,high,pending,api,search|performance|latency
TCK-1278,2026-07-05,Admin permissions are confusing for team roles,Workspace admins cannot tell which role grants access to requested actions Synthetic scenario variant 1.,admin,free,medium,pending,email,permissions|roles|admin
TCK-1280,2026-07-05,Admin permissions are confusing for team roles,Workspace admins cannot tell which role grants access to requested actions Synthetic scenario variant 3.,admin,pro,medium,open,api,permissions|roles|admin
TCK-1314,2026-07-05,Slack integration disconnects unexpectedly,Slack alerts stop posting until the integration is reconnected manually Synthetic scenario variant 5.,integrations,enterprise,medium,solved,email,slack|integration|disconnect
TCK-1338,2026-07-05,Request for bulk actions across tickets,Support admins want bulk updates for repetitive ticket management tasks Synthetic scenario variant 0.,workflow,pro,medium,solved,web,bulk-actions|feature-request|workflow
TCK-1368,2026-07-05,Mobile notification preference question,Customer asks how to adjust mobile notification settings Synthetic scenario variant 0.,mobile,pro,low,open,web,mobile|settings
TCK-1389,2026-07-05,Profile language setting question,User asks where to change language preference in profile settings Synthetic scenario variant 0.,profile,pro,medium,open,email,profile|settings
TCK-1411,2026-07-05,One-off PDF formatting question,PDF export has a minor formatting question for a small report Synthetic scenario variant 0.,exports,enterprise,low,pending,email,pdf|formatting
TCK-1414,2026-07-05,Mobile notification preference question,Customer asks how to adjust mobile notification settings Synthetic scenario variant 0.,mobile,pro,low,solved,chat,mobile|settings
TCK-1419,2026-07-05,Profile language setting question,User asks where to change language preference in profile settings Synthetic scenario variant 0.,profile,free,low,open,web,profile|settings
TCK-1034,2026-07-06,CSV export fails for large report,Export job times out when downloading large CSV reports for scheduled analysis Synthetic scenario variant 2.,reporting,pro,high,open,email,csv|export|timeout|reporting
TCK-1052,2026-07-06,CSV export fails for large report,Export job times out when downloading large CSV reports for scheduled analysis Synthetic scenario variant 6.,reporting,enterprise,urgent,pending,chat,csv|export|timeout|reporting
TCK-1055,2026-07-06,CSV export fails for large report,Export job times out when downloading large CSV reports for scheduled analysis Synthetic scenario variant 2.,reporting,enterprise,high,solved,chat,csv|export|timeout|reporting
TCK-1058,2026-07-06,CSV export fails for large report,Export job times out when downloading large CSV reports for scheduled analysis Synthetic scenario variant 5.,reporting,enterprise,high,solved,web,csv|export|timeout|reporting
TCK-1120,2026-07-06,SSO login loop after identity provider redirect,Users are redirected back to sign in and cannot complete SSO login Synthetic scenario variant 2.,authentication,pro,high,pending,api,sso|login|authentication|redirect
TCK-1125,2026-07-06,SSO login loop after identity provider redirect,Users are redirected back to sign in and cannot complete SSO login Synthetic scenario variant 0.,authentication,enterprise,urgent,open,chat,sso|login|authentication|redirect
TCK-1152,2026-07-06,API rate limit headers are unclear,Integration retries fail because rate limit reset guidance is hard to interpret Synthetic scenario variant 5.,api,free,high,solved,web,api|rate-limit|developer-experience
TCK-1153,2026-07-06,API rate limit headers are unclear,Integration retries fail because rate limit reset guidance is hard to interpret Synthetic scenario variant 6.,api,pro,medium,open,email,api|rate-limit|developer-experience
TCK-1170,2026-07-06,API rate limit headers are unclear,Integration retries fail because rate limit reset guidance is hard to interpret Synthetic scenario variant 5.,api,free,medium,solved,chat,api|rate-limit|developer-experience
TCK-1174,2026-07-06,API rate limit headers are unclear,Integration retries fail because rate limit reset guidance is hard to interpret Synthetic scenario variant 2.,api,enterprise,high,pending,web,api|rate-limit|developer-experience
TCK-1198,2026-07-06,Invoice download or billing detail request,Customer needs clearer invoice exports and billing history for finance review Synthetic scenario variant 0.,billing,enterprise,medium,solved,api,billing|invoice|finance
TCK-1229,2026-07-06,Search results load slowly for large workspaces,Search takes longer than expected when filtering a large support workspace Synthetic scenario variant 4.,search,free,urgent,pending,email,search|performance|latency
TCK-1233,2026-07-06,Search results load slowly for large workspaces,Search takes longer than expected when filtering a large support workspace Synthetic scenario variant 1.,search,pro,urgent,pending,web,search|performance|latency
TCK-1246,2026-07-06,Search results load slowly for large workspaces,Search takes longer than expected when filtering a large support workspace Synthetic scenario variant 0.,search,enterprise,urgent,open,chat,search|performance|latency
TCK-1270,2026-07-06,Admin permissions are confusing for team roles,Workspace admins cannot tell which role grants access to requested actions Synthetic scenario variant 0.,admin,free,medium,open,api,permissions|roles|admin
TCK-1276,2026-07-06,Admin permissions are confusing for team roles,Workspace admins cannot tell which role grants access to requested actions Synthetic scenario variant 6.,admin,pro,high,pending,email,permissions|roles|admin
TCK-1348,2026-07-06,Request for bulk actions across tickets,Support admins want bulk updates for repetitive ticket management tasks Synthetic scenario variant 3.,workflow,enterprise,low,pending,api,bulk-actions|feature-request|workflow
TCK-1371,2026-07-06,Profile language setting question,User asks where to change language preference in profile settings Synthetic scenario variant 0.,profile,free,medium,open,api,profile|settings
TCK-1382,2026-07-06,Question about onboarding checklist,New workspace owner asks about recommended onboarding steps Synthetic scenario variant 0.,onboarding,pro,medium,solved,api,onboarding|how-to
TCK-1386,2026-07-06,One-off PDF formatting question,PDF export has a minor formatting question for a small report Synthetic scenario variant 0.,exports,enterprise,medium,pending,email,pdf|formatting
TCK-1405,2026-07-06,Question about onboarding checklist,New workspace owner asks about recommended onboarding steps Synthetic scenario variant 0.,onboarding,enterprise,low,solved,api,onboarding|how-to
TCK-1409,2026-07-06,Profile language setting question,User asks where to change language preference in profile settings Synthetic scenario variant 0.,profile,pro,medium,solved,email,profile|settings
TCK-1023,2026-07-07,CSV export fails for large report,Export job times out when downloading large CSV reports for scheduled analysis Synthetic scenario variant 5.,reporting,enterprise,urgent,open,web,csv|export|timeout|reporting
TCK-1053,2026-07-07,CSV export fails for large report,Export job times out when downloading large CSV reports for scheduled analysis Synthetic scenario variant 0.,reporting,free,urgent,open,web,csv|export|timeout|reporting
TCK-1059,2026-07-07,CSV export fails for large report,Export job times out when downloading large CSV reports for scheduled analysis Synthetic scenario variant 6.,reporting,enterprise,high,pending,email,csv|export|timeout|reporting
TCK-1064,2026-07-07,CSV export fails for large report,Export job times out when downloading large CSV reports for scheduled analysis Synthetic scenario variant 4.,reporting,free,urgent,solved,api,csv|export|timeout|reporting
TCK-1117,2026-07-07,SSO login loop after identity provider redirect,Users are redirected back to sign in and cannot complete SSO login Synthetic scenario variant 6.,authentication,pro,high,open,api,sso|login|authentication|redirect
TCK-1158,2026-07-07,API rate limit headers are unclear,Integration retries fail because rate limit reset guidance is hard to interpret Synthetic scenario variant 4.,api,free,medium,pending,api,api|rate-limit|developer-experience
TCK-1163,2026-07-07,API rate limit headers are unclear,Integration retries fail because rate limit reset guidance is hard to interpret Synthetic scenario variant 2.,api,pro,medium,open,web,api|rate-limit|developer-experience
TCK-1191,2026-07-07,Invoice download or billing detail request,Customer needs clearer invoice exports and billing history for finance review Synthetic scenario variant 0.,billing,pro,high,solved,email,billing|invoice|finance
TCK-1194,2026-07-07,Invoice download or billing detail request,Customer needs clearer invoice exports and billing history for finance review Synthetic scenario variant 3.,billing,enterprise,high,pending,web,billing|invoice|finance
TCK-1201,2026-07-07,Invoice download or billing detail request,Customer needs clearer invoice exports and billing history for finance review Synthetic scenario variant 3.,billing,free,medium,pending,api,billing|invoice|finance
TCK-1241,2026-07-07,Search results load slowly for large workspaces,Search takes longer than expected when filtering a large support workspace Synthetic scenario variant 2.,search,free,urgent,solved,api,search|performance|latency
TCK-1344,2026-07-07,Request for bulk actions across tickets,Support admins want bulk updates for repetitive ticket management tasks Synthetic scenario variant 6.,workflow,pro,low,solved,web,bulk-actions|feature-request|workflow
TCK-1351,2026-07-07,Request for bulk actions across tickets,Support admins want bulk updates for repetitive ticket management tasks Synthetic scenario variant 6.,workflow,pro,low,solved,chat,bulk-actions|feature-request|workflow
TCK-1359,2026-07-07,Request for bulk actions across tickets,Support admins want bulk updates for repetitive ticket management tasks Synthetic scenario variant 6.,workflow,pro,low,pending,web,bulk-actions|feature-request|workflow
TCK-1406,2026-07-07,One-off PDF formatting question,PDF export has a minor formatting question for a small report Synthetic scenario variant 0.,exports,free,low,solved,chat,pdf|formatting
TCK-1032,2026-07-08,CSV export fails for large report,Export job times out when downloading large CSV reports for scheduled analysis Synthetic scenario variant 0.,reporting,enterprise,urgent,pending,api,csv|export|timeout|reporting
TCK-1037,2026-07-08,CSV export fails for large report,Export job times out when downloading large CSV reports for scheduled analysis Synthetic scenario variant 5.,reporting,pro,urgent,open,api,csv|export|timeout|reporting
TCK-1040,2026-07-08,CSV export fails for large report,Export job times out when downloading large CSV reports for scheduled analysis Synthetic scenario variant 1.,reporting,enterprise,high,open,chat,csv|export|timeout|reporting
TCK-1048,2026-07-08,CSV export fails for large report,Export job times out when downloading large CSV reports for scheduled analysis Synthetic scenario variant 2.,reporting,enterprise,high,solved,api,csv|export|timeout|reporting
TCK-1061,2026-07-08,CSV export fails for large report,Export job times out when downloading large CSV reports for scheduled analysis Synthetic scenario variant 1.,reporting,pro,urgent,solved,api,csv|export|timeout|reporting
TCK-1099,2026-07-08,SSO login loop after identity provider redirect,Users are redirected back to sign in and cannot complete SSO login Synthetic scenario variant 2.,authentication,enterprise,high,pending,web,sso|login|authentication|redirect
TCK-1119,2026-07-08,SSO login loop after identity provider redirect,Users are redirected back to sign in and cannot complete SSO login Synthetic scenario variant 1.,authentication,enterprise,urgent,solved,web,sso|login|authentication|redirect
TCK-1159,2026-07-08,API rate limit headers are unclear,Integration retries fail because rate limit reset guidance is hard to interpret Synthetic scenario variant 5.,api,pro,high,solved,email,api|rate-limit|developer-experience
TCK-1237,2026-07-08,Search results load slowly for large workspaces,Search takes longer than expected when filtering a large support workspace Synthetic scenario variant 5.,search,free,urgent,pending,web,search|performance|latency
TCK-1285,2026-07-08,Admin permissions are confusing for team roles,Workspace admins cannot tell which role grants access to requested actions Synthetic scenario variant 2.,admin,pro,high,pending,api,permissions|roles|admin
TCK-1312,2026-07-08,Slack integration disconnects unexpectedly,Slack alerts stop posting until the integration is reconnected manually Synthetic scenario variant 3.,integrations,free,high,open,web,slack|integration|disconnect
TCK-1341,2026-07-08,Request for bulk actions across tickets,Support admins want bulk updates for repetitive ticket management tasks Synthetic scenario variant 3.,workflow,pro,medium,solved,api,bulk-actions|feature-request|workflow
TCK-1343,2026-07-08,Request for bulk actions across tickets,Support admins want bulk updates for repetitive ticket management tasks Synthetic scenario variant 5.,workflow,pro,low,solved,web,bulk-actions|feature-request|workflow
TCK-1349,2026-07-08,Request for bulk actions across tickets,Support admins want bulk updates for repetitive ticket management tasks Synthetic scenario variant 4.,workflow,pro,medium,pending,email,bulk-actions|feature-request|workflow
TCK-1021,2026-07-09,CSV export fails for large report,Export job times out when downloading large CSV reports for scheduled analysis Synthetic scenario variant 3.,reporting,pro,urgent,pending,api,csv|export|timeout|reporting
TCK-1038,2026-07-09,CSV export fails for large report,Export job times out when downloading large CSV reports for scheduled analysis Synthetic scenario variant 6.,reporting,free,urgent,pending,api,csv|export|timeout|reporting
TCK-1094,2026-07-09,SSO login loop after identity provider redirect,Users are redirected back to sign in and cannot complete SSO login Synthetic scenario variant 4.,authentication,pro,high,solved,api,sso|login|authentication|redirect
TCK-1096,2026-07-09,SSO login loop after identity provider redirect,Users are redirected back to sign in and cannot complete SSO login Synthetic scenario variant 6.,authentication,pro,urgent,pending,api,sso|login|authentication|redirect
TCK-1110,2026-07-09,SSO login loop after identity provider redirect,Users are redirected back to sign in and cannot complete SSO login Synthetic scenario variant 6.,authentication,free,urgent,open,chat,sso|login|authentication|redirect
TCK-1113,2026-07-09,SSO login loop after identity provider redirect,Users are redirected back to sign in and cannot complete SSO login Synthetic scenario variant 2.,authentication,pro,urgent,open,web,sso|login|authentication|redirect
TCK-1154,2026-07-09,API rate limit headers are unclear,Integration retries fail because rate limit reset guidance is hard to interpret Synthetic scenario variant 0.,api,pro,high,solved,email,api|rate-limit|developer-experience
TCK-1155,2026-07-09,API rate limit headers are unclear,Integration retries fail because rate limit reset guidance is hard to interpret Synthetic scenario variant 1.,api,enterprise,high,solved,api,api|rate-limit|developer-experience
TCK-1161,2026-07-09,API rate limit headers are unclear,Integration retries fail because rate limit reset guidance is hard to interpret Synthetic scenario variant 0.,api,pro,medium,solved,api,api|rate-limit|developer-experience
TCK-1192,2026-07-09,Invoice download or billing detail request,Customer needs clearer invoice exports and billing history for finance review Synthetic scenario variant 1.,billing,pro,high,solved,chat,billing|invoice|finance
TCK-1204,2026-07-09,Invoice download or billing detail request,Customer needs clearer invoice exports and billing history for finance review Synthetic scenario variant 6.,billing,pro,high,solved,web,billing|invoice|finance
TCK-1206,2026-07-09,Invoice download or billing detail request,Customer needs clearer invoice exports and billing history for finance review Synthetic scenario variant 1.,billing,free,medium,open,chat,billing|invoice|finance
TCK-1228,2026-07-09,Search results load slowly for large workspaces,Search takes longer than expected when filtering a large support workspace Synthetic scenario variant 3.,search,pro,high,pending,chat,search|performance|latency
TCK-1240,2026-07-09,Search results load slowly for large workspaces,Search takes longer than expected when filtering a large support workspace Synthetic scenario variant 1.,search,free,high,solved,web,search|performance|latency
TCK-1279,2026-07-09,Admin permissions are confusing for team roles,Workspace admins cannot tell which role grants access to requested actions Synthetic scenario variant 2.,admin,enterprise,high,solved,email,permissions|roles|admin
TCK-1307,2026-07-09,Slack integration disconnects unexpectedly,Slack alerts stop posting until the integration is reconnected manually Synthetic scenario variant 5.,integrations,pro,high,solved,email,slack|integration|disconnect
TCK-1352,2026-07-09,Request for bulk actions across tickets,Support admins want bulk updates for repetitive ticket management tasks Synthetic scenario variant 0.,workflow,enterprise,medium,solved,email,bulk-actions|feature-request|workflow
TCK-1404,2026-07-09,Profile language setting question,User asks where to change language preference in profile settings Synthetic scenario variant 0.,profile,pro,medium,solved,chat,profile|settings
TCK-1026,2026-07-10,CSV export fails for large report,Export job times out when downloading large CSV reports for scheduled analysis Synthetic scenario variant 1.,reporting,pro,high,pending,chat,csv|export|timeout|reporting
TCK-1030,2026-07-10,CSV export fails for large report,Export job times out when downloading large CSV reports for scheduled analysis Synthetic scenario variant 5.,reporting,enterprise,high,open,api,csv|export|timeout|reporting
TCK-1042,2026-07-10,CSV export fails for large report,Export job times out when downloading large CSV reports for scheduled analysis Synthetic scenario variant 3.,reporting,pro,high,open,email,csv|export|timeout|reporting
TCK-1050,2026-07-10,CSV export fails for large report,Export job times out when downloading large CSV reports for scheduled analysis Synthetic scenario variant 4.,reporting,enterprise,high,solved,chat,csv|export|timeout|reporting
TCK-1063,2026-07-10,CSV export fails for large report,Export job times out when downloading large CSV reports for scheduled analysis Synthetic scenario variant 3.,reporting,enterprise,high,pending,chat,csv|export|timeout|reporting
TCK-1093,2026-07-10,SSO login loop after identity provider redirect,Users are redirected back to sign in and cannot complete SSO login Synthetic scenario variant 3.,authentication,enterprise,urgent,pending,web,sso|login|authentication|redirect
TCK-1101,2026-07-10,SSO login loop after identity provider redirect,Users are redirected back to sign in and cannot complete SSO login Synthetic scenario variant 4.,authentication,pro,high,open,web,sso|login|authentication|redirect
TCK-1105,2026-07-10,SSO login loop after identity provider redirect,Users are redirected back to sign in and cannot complete SSO login Synthetic scenario variant 1.,authentication,free,urgent,pending,email,sso|login|authentication|redirect
TCK-1111,2026-07-10,SSO login loop after identity provider redirect,Users are redirected back to sign in and cannot complete SSO login Synthetic scenario variant 0.,authentication,enterprise,urgent,open,chat,sso|login|authentication|redirect
TCK-1116,2026-07-10,SSO login loop after identity provider redirect,Users are redirected back to sign in and cannot complete SSO login Synthetic scenario variant 5.,authentication,enterprise,urgent,pending,api,sso|login|authentication|redirect
TCK-1118,2026-07-10,SSO login loop after identity provider redirect,Users are redirected back to sign in and cannot complete SSO login Synthetic scenario variant 0.,authentication,pro,high,solved,api,sso|login|authentication|redirect
TCK-1121,2026-07-10,SSO login loop after identity provider redirect,Users are redirected back to sign in and cannot complete SSO login Synthetic scenario variant 3.,authentication,pro,urgent,open,web,sso|login|authentication|redirect
TCK-1199,2026-07-10,Invoice download or billing detail request,Customer needs clearer invoice exports and billing history for finance review Synthetic scenario variant 1.,billing,enterprise,high,open,web,billing|invoice|finance
TCK-1205,2026-07-10,Invoice download or billing detail request,Customer needs clearer invoice exports and billing history for finance review Synthetic scenario variant 0.,billing,free,high,pending,web,billing|invoice|finance
TCK-1235,2026-07-10,Search results load slowly for large workspaces,Search takes longer than expected when filtering a large support workspace Synthetic scenario variant 3.,search,pro,high,pending,api,search|performance|latency
TCK-1239,2026-07-10,Search results load slowly for large workspaces,Search takes longer than expected when filtering a large support workspace Synthetic scenario variant 0.,search,free,urgent,open,web,search|performance|latency
TCK-1242,2026-07-10,Search results load slowly for large workspaces,Search takes longer than expected when filtering a large support workspace Synthetic scenario variant 3.,search,enterprise,high,pending,web,search|performance|latency
TCK-1272,2026-07-10,Admin permissions are confusing for team roles,Workspace admins cannot tell which role grants access to requested actions Synthetic scenario variant 2.,admin,enterprise,high,open,api,permissions|roles|admin
TCK-1302,2026-07-10,Slack integration disconnects unexpectedly,Slack alerts stop posting until the integration is reconnected manually Synthetic scenario variant 0.,integrations,pro,high,open,api,slack|integration|disconnect
TCK-1305,2026-07-10,Slack integration disconnects unexpectedly,Slack alerts stop posting until the integration is reconnected manually Synthetic scenario variant 3.,integrations,pro,high,open,chat,slack|integration|disconnect
TCK-1311,2026-07-10,Slack integration disconnects unexpectedly,Slack alerts stop posting until the integration is reconnected manually Synthetic scenario variant 2.,integrations,enterprise,medium,solved,chat,slack|integration|disconnect
TCK-1356,2026-07-10,Request for bulk actions across tickets,Support admins want bulk updates for repetitive ticket management tasks Synthetic scenario variant 3.,workflow,pro,low,solved,chat,bulk-actions|feature-request|workflow
TCK-1379,2026-07-10,Profile language setting question,User asks where to change language preference in profile settings Synthetic scenario variant 0.,profile,enterprise,medium,open,chat,profile|settings
TCK-1395,2026-07-10,Question about onboarding checklist,New workspace owner asks about recommended onboarding steps Synthetic scenario variant 0.,onboarding,enterprise,low,open,web,onboarding|how-to
